Variant,activity
60F,1.047697199
57G,0.455534978
299V,0.137024115
63M,0.726982026
71S,-0.045665011
311Y,1.020629212
314D,0.494342071
303I,0.601357933
308Q,0.818876504
55F,0.529115124
