Variant,activity
57Q,1.096321759
50W,0.66717567
58K,1.238997837
60R,0.309222537
301A,-0.049895413
55N,0.649152379
68G,-0.212476412
49L,0.713924471
236C,-1.005376493
315P,0.137484595
