Variant,activity
83T,0.609712209
60V,0.510711678
61Q,0.780162931
54I,0.160933122
301R,-0.446715465
311K,0.504820938
66I,0.452887253
48S,0.635773921
25S,0.367097762
65F,0.908505179
