Variant,activity
58L,0.433386297
48R,0.411366674
45M,0.868960723
1R,-1.470598283
56K,0.603961847
59F,0.590330512
304F,0.937576049
58H,0.890169304
58E,0.945129461
68R,-0.553464066
