Variant,activity
57K,0.000488009
52K,0.618928316
58N,1.393549399
62R,0.569645067
314M,0.311177882
391K,1.254453822
253S,0.328910226
300Q,-0.196524524
319R,0.08868074
73K,0.395269737
