Variant,activity
61N,0.582915078
70T,0.655869626
232S,-1.391751982
59S,0.573262896
150H,-1.484116305
62K,0.373508283
51Q,0.994199006
60K,1.2038745
281P,-1.934989443
77Y,0.51884757
