Variant,activity
320G,0.649489836
68H,0.576951289
35Y,0.230511055
212P,0.173228675
181E,-1.074283781
61I,0.877122431
272F,-1.58901345
207S,0.435479228
270T,-2.038230224
129I,0.41916721
