Variant,activity
298S,-0.525357859
358Q,1.092821613
102V,0.112440659
151I,-0.347572803
132L,-1.415368877
388T,1.500914316
297C,0.284606155
61S,-0.389800868
371E,1.875403112
60G,0.743026944
