Variant,activity
307T,0.4501509
344I,1.183490339
65L,0.246427078
320L,0.973167306
59A,0.606947601
300F,0.292272531
355N,1.310165522
315V,0.461051194
323D,0.149229365
280S,-1.180829988
