Variant,activity
363E,0.927528662
19M,-1.246176088
358H,0.74666657
352H,0.729233471
147R,-1.866073333
60H,0.667098607
199H,0.640514474
358S,0.706138251
153S,0.611373844
322L,0.628653774
