Variant,activity
65M,0.303331335
9G,0.149292511
6P,0.390290672
120P,-1.434566561
318N,0.850461762
312K,0.055207621
296R,0.385280648
124T,0.402424481
297L,0.398073531
65K,0.357170191
