Variant,activity
76V,0.362539672
58A,1.018949087
63V,0.425104211
312R,-0.259727012
316M,0.634285667
299I,0.62246355
24W,-1.517089627
78Q,0.002210461
319S,0.452848669
320F,0.794209014
