Variant,activity
319V,0.773853335
231V,-0.294793706
382T,0.829355802
1F,0.536894553
1W,-2.21925587
25A,0.431020798
76E,0.514452265
303R,0.530081261
335S,0.578835022
115I,-1.268287819
