Variant,activity
133R,-1.097452726
63H,1.324266098
202H,0.525926493
65Y,0.405331178
74K,0.812301039
290F,0.88575468
150K,0.323765707
319P,0.775629141
18I,-0.332207221
324N,0.365695114
