Variant,activity
358I,1.044492657
388S,1.315959503
356R,0.346920491
365K,1.071539792
12Y,0.696935883
352S,0.764780639
357V,0.598510416
368R,0.644642454
355W,1.04979009
334C,0.486465143
