Variant,activity
388N,1.558262126
302R,0.003836368
384E,1.396801391
388D,1.017744508
369D,1.173465684
381N,0.933179071
190T,-0.340778727
38Y,0.951449651
384Q,1.429589145
267T,-0.641137428
