Variant,activity
81Q,0.792631301
337W,0.401265051
348F,0.856950782
380I,1.164825276
386Q,0.877675331
56Y,0.839411623
383D,1.013209717
390N,1.276233038
332F,0.589133602
388G,0.887611877
