Variant,activity
367C,0.806610261
148S,-0.226778173
362G,0.602964223
356L,0.972578943
354I,1.249802925
364L,0.962584811
171C,-0.113826393
355I,1.01315458
356I,0.796398769
11R,-0.46356016
