Variant,activity
25C,0.583912702
360S,0.481288783
320L,0.973167306
350I,0.377533602
389Q,1.386002611
353C,0.834925449
52Y,1.191144064
33L,0.515241193
355L,0.540166152
344C,0.858945812
