Variant,activity
350V,0.676646776
327K,-0.081169716
339R,0.042924165
323I,0.982070948
357F,0.946661041
301A,-0.049895413
80C,0.804979413
1V,-0.66972651
380K,1.138452795
387K,1.085832302
