Variant,activity
365D,1.150808134
381S,1.262013444
333Y,0.447043336
367K,0.89411949
369K,1.167107432
326H,1.181984226
367Q,1.361362338
367H,1.183768277
65Q,-0.033571821
359H,0.539355728
