Variant,activity
360S,0.481288783
151M,-1.955099435
311L,0.732605121
7H,0.512018265
327D,0.228314856
81C,0.492017548
134V,-1.338555693
356K,0.548692679
113W,0.244621382
314C,0.241507104
