Variant,activity
370D,1.078518125
336M,1.07841018
284H,0.852744674
188E,0.741809615
104V,0.382781981
123S,0.423165912
63D,0.712695497
194E,-1.465562909
325R,0.28131202
370R,0.90598385
