Variant,activity
9T,-0.113803701
63S,0.263349189
324R,0.176042082
321V,0.735347273
350T,0.42276406
32M,0.513274656
283H,0.108159359
283N,0.34080546
184Q,-0.675577261
284Q,-0.430519711
