Variant,activity
60I,0.934844824
58S,0.819758221
320G,0.649489836
305L,0.798948595
371T,1.228788084
88K,-0.645706968
65N,0.658606325
4F,0.143955383
318M,0.752914178
353Q,0.779308617
