Variant,activity
324H,0.827362375
60V,0.510711678
341R,-1.994055984
57V,1.190272156
373H,1.126653927
324S,1.210588235
363D,0.349591094
226F,-0.332673573
106V,0.675266446
2G,-1.136267784
