Variant,activity
149D,-0.37711459
355K,1.063653139
173N,-1.22216895
16Y,0.177521584
325W,-0.165307028
259G,0.300014698
298D,0.128237396
189F,0.546919288
173L,0.050255544
344N,-1.991460841
