Variant,activity
55I,0.46698997
31R,-1.276518667
362K,1.339241731
366G,1.026425732
320Q,0.42299304
40I,0.340994593
66I,0.452887253
280P,-2.427520265
50R,1.075477571
51N,-0.693045116
