Variant,activity
370S,0.991642958
364G,0.936335795
38K,0.248881135
350A,1.120685589
193V,-1.51897235
368S,1.192230426
349G,0.103964365
364K,1.144227348
355C,1.163921676
361S,0.802695046
