Variant,activity
62S,0.571476023
352V,0.625496582
367G,0.835318509
364T,0.705432179
351H,1.637643394
352T,0.870844401
380T,1.184127372
32A,-0.345361766
358V,1.105107447
351F,1.234066858
