Variant,activity
389S,0.701781594
389D,0.959516848
362F,1.23380385
383A,0.710289522
346C,0.976419849
367V,1.320261878
391A,1.036380128
388M,1.16686949
357W,0.709586715
26A,-1.7717075
