Variant,activity
366V,0.965371873
372T,1.386386455
356E,0.402604961
352F,1.014114712
355V,0.775337267
361T,0.533363188
132I,-1.950090735
362I,0.751182765
349T,0.743004579
357R,0.777940771
