Variant,activity
304V,0.775070784
4T,0.338174743
248E,-1.302548071
175V,0.0677762
188M,0.685805748
192R,0.079697026
290N,0.348136737
85E,1.329928088
42G,0.348099131
43A,1.247473525
